{"cameraMode":{"drawMode":0,"name":"Shaded","section":"Shading Mode"},"sceneLighting":false,"audioPlay":false,"sceneViewState":{"m_AlwaysRefresh":false,"showFog":true,"showSkybox":false,"showFlares":true,"showImageEffects":true,"showParticleSystems":true,"showVisualEffectGraphs":true,"m_FxEnabled":true},"in2DMode":false,"pivot":{"x":-0.859811007976532,"y":0.9192327260971069,"z":-6.853916168212891},"rotation":{"x":0.025188054889440538,"y":-0.006897391751408577,"z":-0.00018837350944522768,"w":-0.9996522068977356},"size":1.2742106914520264,"orthographic":false}